program_name,faculty,entry_type,status,index_source
Arts and Contemporary Studies,Faculty of Arts,program,uncollected,https://www.torontomu.ca/calendar/2026-2027/programs/
Criminology,Faculty of Arts,program,uncollected,https://www.torontomu.ca/calendar/2026-2027/programs/
Criminology and History Double Major,Faculty of Arts,double_major,uncollected,https://www.torontomu.ca/calendar/2026-2027/programs/
Criminology and Politics and Governance Double Major,Faculty of Arts,double_major,uncollected,https://www.torontomu.ca/calendar/2026-2027/programs/
Criminology and Sociology Double Major,Faculty of Arts,double_major,uncollected,https://www.torontomu.ca/calendar/2026-2027/programs/
Economics and Finance,Faculty of Arts,program,uncollected,https://www.torontomu.ca/calendar/2026-2027/programs/
English,Faculty of Arts,program,uncollected,https://www.torontomu.ca/calendar/2026-2027/programs/
English and History Double Major,Faculty of Arts,double_major,uncollected,https://www.torontomu.ca/calendar/2026-2027/programs/
English and Philosophy Double Major,Faculty of Arts,double_major,uncollected,https://www.torontomu.ca/calendar/2026-2027/programs/
Environmental and Urban Sustainability,Faculty of Arts,program,uncollected,https://www.torontomu.ca/calendar/2026-2027/programs/
Geographic Analysis,Faculty of Arts,program,uncollected,https://www.torontomu.ca/calendar/2026-2027/programs/
History,Faculty of Arts,program,uncollected,https://www.torontomu.ca/calendar/2026-2027/programs/
History and Philosophy Double Major,Faculty of Arts,double_major,uncollected,https://www.torontomu.ca/calendar/2026-2027/programs/
History and Politics and Governance Double Major,Faculty of Arts,double_major,uncollected,https://www.torontomu.ca/calendar/2026-2027/programs/
History and Sociology Double Major,Faculty of Arts,double_major,uncollected,https://www.torontomu.ca/calendar/2026-2027/programs/
Language and Intercultural Relations,Faculty of Arts,program,uncollected,https://www.torontomu.ca/calendar/2026-2027/programs/
Philosophy,Faculty of Arts,program,uncollected,https://www.torontomu.ca/calendar/2026-2027/programs/
Politics and Governance,Faculty of Arts,program,uncollected,https://www.torontomu.ca/calendar/2026-2027/programs/
Politics and Governance and Sociology Double Major,Faculty of Arts,double_major,uncollected,https://www.torontomu.ca/calendar/2026-2027/programs/
Psychology,Faculty of Arts,program,uncollected,https://www.torontomu.ca/calendar/2026-2027/programs/
Public Administration and Governance,Faculty of Arts,program,uncollected,https://www.torontomu.ca/calendar/2026-2027/programs/
Sociology,Faculty of Arts,program,uncollected,https://www.torontomu.ca/calendar/2026-2027/programs/
Undeclared Arts (First Year Studies Only),Faculty of Arts,first_year_plan,uncollected,https://www.torontomu.ca/calendar/2026-2027/programs/
Creative Industries,The Creative School,program,uncollected,https://www.torontomu.ca/calendar/2026-2027/programs/
Fashion,The Creative School,program,uncollected,https://www.torontomu.ca/calendar/2026-2027/programs/
Graphic Communications Management,The Creative School,program,uncollected,https://www.torontomu.ca/calendar/2026-2027/programs/
Image Arts,The Creative School,program,uncollected,https://www.torontomu.ca/calendar/2026-2027/programs/
Interior Design,The Creative School,program,uncollected,https://www.torontomu.ca/calendar/2026-2027/programs/
Journalism,The Creative School,program,uncollected,https://www.torontomu.ca/calendar/2026-2027/programs/
Media Production,The Creative School,program,uncollected,https://www.torontomu.ca/calendar/2026-2027/programs/
New Media,The Creative School,program,uncollected,https://www.torontomu.ca/calendar/2026-2027/programs/
Performance: Acting/Dance/Design and Production,The Creative School,program_group,uncollected,https://www.torontomu.ca/calendar/2026-2027/programs/
Professional Communication,The Creative School,program,uncollected,https://www.torontomu.ca/calendar/2026-2027/programs/
Professional Music,The Creative School,program,uncollected,https://www.torontomu.ca/calendar/2026-2027/programs/
Sport Media,The Creative School,program,uncollected,https://www.torontomu.ca/calendar/2026-2027/programs/
Child and Youth Care,Faculty of Community Services,program,uncollected,https://www.torontomu.ca/calendar/2026-2027/programs/
Disability Studies,Faculty of Community Services,program,uncollected,https://www.torontomu.ca/calendar/2026-2027/programs/
Early Childhood Studies,Faculty of Community Services,program,uncollected,https://www.torontomu.ca/calendar/2026-2027/programs/
Midwifery,Faculty of Community Services,program,uncollected,https://www.torontomu.ca/calendar/2026-2027/programs/
Nursing - Advanced Entry Program,Faculty of Community Services,advanced_entry,uncollected,https://www.torontomu.ca/calendar/2026-2027/programs/
Nursing - Collaborative Program,Faculty of Community Services,collaborative_program,uncollected,https://www.torontomu.ca/calendar/2026-2027/programs/
Nursing - Post-Diploma Degree Completion,Faculty of Community Services,degree_completion,uncollected,https://www.torontomu.ca/calendar/2026-2027/programs/
Nutrition and Food,Faculty of Community Services,program,uncollected,https://www.torontomu.ca/calendar/2026-2027/programs/
Occupational Health and Safety,Faculty of Community Services,program,uncollected,https://www.torontomu.ca/calendar/2026-2027/programs/
Public Health,Faculty of Community Services,program,uncollected,https://www.torontomu.ca/calendar/2026-2027/programs/
Social Work,Faculty of Community Services,program,uncollected,https://www.torontomu.ca/calendar/2026-2027/programs/
Urban and Regional Planning,Faculty of Community Services,program,uncollected,https://www.torontomu.ca/calendar/2026-2027/programs/
Aerospace Engineering,Faculty of Engineering and Architectural Science,program,uncollected,https://www.torontomu.ca/calendar/2026-2027/programs/
Architectural Science,Faculty of Engineering and Architectural Science,program,uncollected,https://www.torontomu.ca/calendar/2026-2027/programs/
Biomedical Engineering,Faculty of Engineering and Architectural Science,program,uncollected,https://www.torontomu.ca/calendar/2026-2027/programs/
Chemical Engineering Co-operative Program,Faculty of Engineering and Architectural Science,co_op_program,uncollected,https://www.torontomu.ca/calendar/2026-2027/programs/
Civil Engineering,Faculty of Engineering and Architectural Science,program,uncollected,https://www.torontomu.ca/calendar/2026-2027/programs/
Computer Engineering,Faculty of Engineering and Architectural Science,program,uncollected,https://www.torontomu.ca/calendar/2026-2027/programs/
Electrical Engineering,Faculty of Engineering and Architectural Science,program,uncollected,https://www.torontomu.ca/calendar/2026-2027/programs/
Industrial Engineering,Faculty of Engineering and Architectural Science,program,uncollected,https://www.torontomu.ca/calendar/2026-2027/programs/
Mechanical Engineering,Faculty of Engineering and Architectural Science,program,uncollected,https://www.torontomu.ca/calendar/2026-2027/programs/
Mechatronics Engineering,Faculty of Engineering and Architectural Science,program,uncollected,https://www.torontomu.ca/calendar/2026-2027/programs/
Undeclared Engineering (First Year Studies Only),Faculty of Engineering and Architectural Science,first_year_plan,uncollected,https://www.torontomu.ca/calendar/2026-2027/programs/
Biology,Faculty of Science,program,uncollected,https://www.torontomu.ca/calendar/2026-2027/programs/
Biomedical Sciences,Faculty of Science,program,uncollected,https://www.torontomu.ca/calendar/2026-2027/programs/
Chemistry,Faculty of Science,program,uncollected,https://www.torontomu.ca/calendar/2026-2027/programs/
Computer Science,Faculty of Science,program,uncollected,https://www.torontomu.ca/calendar/2026-2027/programs/
Cyber Science,Faculty of Science,program,uncollected,https://www.torontomu.ca/calendar/2026-2027/programs/
Financial Mathematics,Faculty of Science,program,uncollected,https://www.torontomu.ca/calendar/2026-2027/programs/
Mathematics and Its Applications,Faculty of Science,program,uncollected,https://www.torontomu.ca/calendar/2026-2027/programs/
Medical Physics,Faculty of Science,program,uncollected,https://www.torontomu.ca/calendar/2026-2027/programs/
Accounting and Finance,Ted Rogers School of Management,program,uncollected,https://www.torontomu.ca/calendar/2026-2027/programs/
Business Management,Ted Rogers School of Management,program_with_majors,uncollected,https://www.torontomu.ca/calendar/2026-2027/programs/
Business Technology Management,Ted Rogers School of Management,program,uncollected,https://www.torontomu.ca/calendar/2026-2027/programs/
Health Administration,Ted Rogers School of Management,program,uncollected,https://www.torontomu.ca/calendar/2026-2027/programs/
Hospitality and Tourism Management,Ted Rogers School of Management,program,uncollected,https://www.torontomu.ca/calendar/2026-2027/programs/
Retail Management,Ted Rogers School of Management,program,uncollected,https://www.torontomu.ca/calendar/2026-2027/programs/

